# dosya	verdict	etiket	not
# verdict: kullan | ele
clips/forklift/forklift-compilation--N9bG-sOU6LE/forklift-compilation--N9bG-sOU6LE-k01.mp4	kullan	atolyede patlama ve parca sacilmasi	fabrika ici sabit kamera
clips/forklift/forklift-compilation--N9bG-sOU6LE/forklift-compilation--N9bG-sOU6LE-k03.mp4	kullan	depoda raf/yuk cokmesi	tavan kamerasi
clips/forklift/forklift-compilation--N9bG-sOU6LE/forklift-compilation--N9bG-sOU6LE-k04.mp4	kullan	sokakta kamyon-forklift carpismasi	dis mekan CCTV, 98sn
clips/forklift/forklift-compilation--N9bG-sOU6LE/forklift-compilation--N9bG-sOU6LE-k05.mp4	kullan	sokakta forklift devrilmesi	dikey video, pillarbox
clips/forklift/forklift-compilation--N9bG-sOU6LE/forklift-compilation--N9bG-sOU6LE-k06.mp4	kullan	limanda konteyner istifleyici devrilmesi	gunduz, dis mekan
clips/forklift/forklift-compilation--N9bG-sOU6LE/forklift-compilation--N9bG-sOU6LE-k07.mp4	kullan	limanda konteyner devrilmesi (devam)	k06 ile ayni olay olabilir
clips/forklift/forklift-compilation--N9bG-sOU6LE/forklift-compilation--N9bG-sOU6LE-k08.mp4	kullan	dar koridorda forklift manevrasi	dusuk isik
clips/forklift/forklift-compilation--N9bG-sOU6LE/forklift-compilation--N9bG-sOU6LE-k09.mp4	kullan	ic mekanda yuk dusmesi	
clips/forklift/forklift-compilation--N9bG-sOU6LE/forklift-compilation--N9bG-sOU6LE-k33.mp4	kullan	depoda yuk/raf cokmesi	yesil aydinlatma
clips/yangin/fire-single--lleF2nmlkMY/fire-single--lleF2nmlkMY-k01.mp4	kullan	fabrika dis cephesinde yangin baslangici	ana yangin cekimi
clips/yangin/fire-single--lleF2nmlkMY/fire-single--lleF2nmlkMY-k02.mp4	kullan	yangin buyumesi, yogun duman	k01 devami
clips/yangin/fire-single--lleF2nmlkMY/fire-single--lleF2nmlkMY-k03.mp4	kullan	fabrika ici bos hat, yangin gorunmuyor	negatif ornek olarak degerli
clips/yangin/fire-single--lleF2nmlkMY/fire-single--lleF2nmlkMY-k05.mp4	ele	kanal logosu	icerik yok
clips/trafik/factory-accidents---8oYzSP5Vbw/factory-accidents---8oYzSP5Vbw-k24.mp4	ele	VHS "THE END" karti	icerik yok
clips/askeri/military--hE14s_Z-1-Q/military--hE14s_Z-1-Q-k01.mp4	kullan	askeri operasyon	
clips/askeri/military--hE14s_Z-1-Q/military--hE14s_Z-1-Q-k02.mp4	kullan	askeri operasyon	
clips/askeri/military--hE14s_Z-1-Q/military--hE14s_Z-1-Q-k03.mp4	kullan	askeri operasyon	
clips/askeri/military--hE14s_Z-1-Q/military--hE14s_Z-1-Q-k04.mp4	kullan	askeri operasyon	
clips/askeri/military--hE14s_Z-1-Q/military--hE14s_Z-1-Q-k05.mp4	ele	yuzu bulanik roportaj	video analizi icin degersiz
clips/askeri/military--hE14s_Z-1-Q/military--hE14s_Z-1-Q-k06.mp4	ele	yuzu bulanik roportaj	video analizi icin degersiz
clips/askeri/military--hE14s_Z-1-Q/military--hE14s_Z-1-Q-k07.mp4	ele	yuzu bulanik roportaj	video analizi icin degersiz
clips/askeri/military--hE14s_Z-1-Q/military--hE14s_Z-1-Q-k08.mp4	ele	yuzu bulanik roportaj	video analizi icin degersiz
clips/askeri/military--hE14s_Z-1-Q/military--hE14s_Z-1-Q-k09.mp4	ele	yuzu bulanik roportaj	video analizi icin degersiz
clips/askeri/military--hE14s_Z-1-Q/military--hE14s_Z-1-Q-k10.mp4	ele	yuzu bulanik roportaj	video analizi icin degersiz
clips/askeri/military--hE14s_Z-1-Q/military--hE14s_Z-1-Q-k11.mp4	ele	yuzu bulanik roportaj	video analizi icin degersiz
clips/askeri/military--hE14s_Z-1-Q/military--hE14s_Z-1-Q-k12.mp4	ele	yuzu bulanik roportaj	video analizi icin degersiz
clips/askeri/military--hE14s_Z-1-Q/military--hE14s_Z-1-Q-k13.mp4	ele	yuzu bulanik roportaj	video analizi icin degersiz
clips/askeri/military--hE14s_Z-1-Q/military--hE14s_Z-1-Q-k14.mp4	ele	yuzu bulanik roportaj	video analizi icin degersiz
clips/askeri/military--hE14s_Z-1-Q/military--hE14s_Z-1-Q-k15.mp4	ele	yuzu bulanik roportaj	video analizi icin degersiz
clips/askeri/military--hE14s_Z-1-Q/military--hE14s_Z-1-Q-k16.mp4	ele	yuzu bulanik roportaj	video analizi icin degersiz
clips/askeri/military--hE14s_Z-1-Q/military--hE14s_Z-1-Q-k19.mp4	ele	yuzu bulanik roportaj	video analizi icin degersiz
clips/askeri/military--hE14s_Z-1-Q/military--hE14s_Z-1-Q-k20.mp4	ele	yuzu bulanik roportaj	video analizi icin degersiz
clips/askeri/military--hE14s_Z-1-Q/military--hE14s_Z-1-Q-k21.mp4	ele	yuzu bulanik roportaj	video analizi icin degersiz
clips/askeri-playlist/pl1-01--B5xphv6lYkw/pl1-01--B5xphv6lYkw-k01.mp4	kullan	daglik arazi operasyonu, kask kamerasi	
clips/askeri-playlist/pl1-01--B5xphv6lYkw/pl1-01--B5xphv6lYkw-k02.mp4	kullan	daglik arazi operasyonu, kask kamerasi	
clips/askeri-playlist/pl1-01--B5xphv6lYkw/pl1-01--B5xphv6lYkw-k03.mp4	kullan	daglik arazi operasyonu, kask kamerasi	
clips/askeri-playlist/pl1-01--B5xphv6lYkw/pl1-01--B5xphv6lYkw-k04.mp4	kullan	daglik arazi operasyonu, kask kamerasi	
clips/askeri-playlist/pl1-01--B5xphv6lYkw/pl1-01--B5xphv6lYkw-k05.mp4	kullan	daglik arazi operasyonu, kask kamerasi	
clips/askeri-playlist/pl1-04--V7yXO_Nd5NI/pl1-04--V7yXO_Nd5NI-k02.mp4	kullan	sinir otesi operasyon: zirhli arac, topcu, keskin nisanci	
clips/askeri-playlist/pl1-04--V7yXO_Nd5NI/pl1-04--V7yXO_Nd5NI-k05.mp4	kullan	sinir otesi operasyon: zirhli arac, topcu, keskin nisanci	
clips/askeri-playlist/pl1-04--V7yXO_Nd5NI/pl1-04--V7yXO_Nd5NI-k06.mp4	kullan	sinir otesi operasyon: zirhli arac, topcu, keskin nisanci	
clips/askeri-playlist/pl1-04--V7yXO_Nd5NI/pl1-04--V7yXO_Nd5NI-k11.mp4	kullan	sinir otesi operasyon: zirhli arac, topcu, keskin nisanci	
clips/askeri-playlist/pl1-04--V7yXO_Nd5NI/pl1-04--V7yXO_Nd5NI-k12.mp4	kullan	sinir otesi operasyon: zirhli arac, topcu, keskin nisanci	
clips/askeri-playlist/pl1-04--V7yXO_Nd5NI/pl1-04--V7yXO_Nd5NI-k13.mp4	kullan	sinir otesi operasyon: zirhli arac, topcu, keskin nisanci	
clips/askeri-playlist/pl1-04--V7yXO_Nd5NI/pl1-04--V7yXO_Nd5NI-k17.mp4	kullan	sinir otesi operasyon: zirhli arac, topcu, keskin nisanci	
clips/askeri-playlist/pl1-04--V7yXO_Nd5NI/pl1-04--V7yXO_Nd5NI-k19.mp4	kullan	sinir otesi operasyon: zirhli arac, topcu, keskin nisanci	
clips/askeri-playlist/pl1-04--V7yXO_Nd5NI/pl1-04--V7yXO_Nd5NI-k21.mp4	kullan	sinir otesi operasyon: zirhli arac, topcu, keskin nisanci	
clips/askeri-playlist/pl1-04--V7yXO_Nd5NI/pl1-04--V7yXO_Nd5NI-k22.mp4	kullan	sinir otesi operasyon: zirhli arac, topcu, keskin nisanci	
clips/askeri-playlist/pl1-04--V7yXO_Nd5NI/pl1-04--V7yXO_Nd5NI-k25.mp4	ele	gece cekimi, neredeyse tamamen karanlik	tespit icin kullanissiz
clips/askeri-playlist/pl1-04--V7yXO_Nd5NI/pl1-04--V7yXO_Nd5NI-k27.mp4	ele	gece cekimi, neredeyse tamamen karanlik	tespit icin kullanissiz
clips/askeri-playlist/pl1-04--V7yXO_Nd5NI/pl1-04--V7yXO_Nd5NI-k28.mp4	ele	gece cekimi, neredeyse tamamen karanlik	tespit icin kullanissiz
clips/askeri-playlist/pl1-04--V7yXO_Nd5NI/pl1-04--V7yXO_Nd5NI-k29.mp4	ele	gece cekimi, neredeyse tamamen karanlik	tespit icin kullanissiz
clips/askeri-playlist/pl1-04--V7yXO_Nd5NI/pl1-04--V7yXO_Nd5NI-k38.mp4	kullan	sinir otesi operasyon: zirhli arac, topcu, keskin nisanci	
clips/askeri-playlist/pl1-04--V7yXO_Nd5NI/pl1-04--V7yXO_Nd5NI-k39.mp4	kullan	sinir otesi operasyon: zirhli arac, topcu, keskin nisanci	
clips/askeri-playlist/pl1-04--V7yXO_Nd5NI/pl1-04--V7yXO_Nd5NI-k42.mp4	kullan	sinir otesi operasyon: zirhli arac, topcu, keskin nisanci	
clips/askeri-playlist/pl1-05--6wLrSZyeha8/pl1-05--6wLrSZyeha8-k01.mp4	kullan	askeri operasyon	
clips/askeri-playlist/pl1-05--6wLrSZyeha8/pl1-05--6wLrSZyeha8-k03.mp4	kullan	askeri operasyon	
clips/askeri-playlist/pl1-05--6wLrSZyeha8/pl1-05--6wLrSZyeha8-k04.mp4	kullan	askeri operasyon	
clips/askeri-playlist/pl1-09--IEsmSX019j4/pl1-09--IEsmSX019j4-k01.mp4	kullan	arama-tarama operasyonu, malzeme ele gecirme	
clips/askeri-playlist/pl1-09--IEsmSX019j4/pl1-09--IEsmSX019j4-k02.mp4	kullan	arama-tarama operasyonu, malzeme ele gecirme	
clips/askeri-playlist/pl1-09--IEsmSX019j4/pl1-09--IEsmSX019j4-k03.mp4	kullan	arama-tarama operasyonu, malzeme ele gecirme	
clips/askeri-playlist/pl1-09--IEsmSX019j4/pl1-09--IEsmSX019j4-k04.mp4	kullan	arama-tarama operasyonu, malzeme ele gecirme	
clips/askeri-playlist/pl1-09--IEsmSX019j4/pl1-09--IEsmSX019j4-k05.mp4	kullan	arama-tarama operasyonu, malzeme ele gecirme	
clips/askeri-playlist/pl1-09--IEsmSX019j4/pl1-09--IEsmSX019j4-k06.mp4	kullan	arama-tarama operasyonu, malzeme ele gecirme	
clips/askeri-playlist/pl1-09--IEsmSX019j4/pl1-09--IEsmSX019j4-k07.mp4	kullan	arama-tarama operasyonu, malzeme ele gecirme	
clips/askeri-playlist/pl1-09--IEsmSX019j4/pl1-09--IEsmSX019j4-k08.mp4	kullan	arama-tarama operasyonu, malzeme ele gecirme	
clips/askeri-playlist/pl1-09--IEsmSX019j4/pl1-09--IEsmSX019j4-k10.mp4	kullan	arama-tarama operasyonu, malzeme ele gecirme	
clips/askeri-playlist/pl1-09--IEsmSX019j4/pl1-09--IEsmSX019j4-k11.mp4	kullan	arama-tarama operasyonu, malzeme ele gecirme	
clips/askeri-playlist/pl1-09--IEsmSX019j4/pl1-09--IEsmSX019j4-k12.mp4	kullan	arama-tarama operasyonu, malzeme ele gecirme	
clips/askeri-playlist/pl1-09--IEsmSX019j4/pl1-09--IEsmSX019j4-k13.mp4	kullan	arama-tarama operasyonu, malzeme ele gecirme	
clips/askeri-playlist/pl1-09--IEsmSX019j4/pl1-09--IEsmSX019j4-k14.mp4	kullan	arama-tarama operasyonu, malzeme ele gecirme	
clips/askeri-playlist/pl1-09--IEsmSX019j4/pl1-09--IEsmSX019j4-k15.mp4	kullan	arama-tarama operasyonu, malzeme ele gecirme	
clips/askeri-playlist/pl2-02--O2A_KBTxB00/pl2-02--O2A_KBTxB00-k03.mp4	ele	haber spikeri/muhabir kamera karsisi	olay goruntusu degil
clips/askeri-playlist/pl2-02--O2A_KBTxB00/pl2-02--O2A_KBTxB00-k04.mp4	kullan	sehir ici operasyon: devriye, zirhli arac, havadan hedefleme	
clips/askeri-playlist/pl2-02--O2A_KBTxB00/pl2-02--O2A_KBTxB00-k05.mp4	kullan	sehir ici operasyon: devriye, zirhli arac, havadan hedefleme	
clips/askeri-playlist/pl2-02--O2A_KBTxB00/pl2-02--O2A_KBTxB00-k06.mp4	kullan	sehir ici operasyon: devriye, zirhli arac, havadan hedefleme	
clips/askeri-playlist/pl2-02--O2A_KBTxB00/pl2-02--O2A_KBTxB00-k07.mp4	kullan	sehir ici operasyon: devriye, zirhli arac, havadan hedefleme	
clips/askeri-playlist/pl2-02--O2A_KBTxB00/pl2-02--O2A_KBTxB00-k09.mp4	kullan	sehir ici operasyon: devriye, zirhli arac, havadan hedefleme	
clips/askeri-playlist/pl2-02--O2A_KBTxB00/pl2-02--O2A_KBTxB00-k10.mp4	kullan	sehir ici operasyon: devriye, zirhli arac, havadan hedefleme	
clips/askeri-playlist/pl2-02--O2A_KBTxB00/pl2-02--O2A_KBTxB00-k15.mp4	ele	haber spikeri/muhabir kamera karsisi	olay goruntusu degil
clips/askeri-playlist/pl2-02--O2A_KBTxB00/pl2-02--O2A_KBTxB00-k17.mp4	kullan	sehir ici operasyon: devriye, zirhli arac, havadan hedefleme	
clips/askeri-playlist/pl2-02--O2A_KBTxB00/pl2-02--O2A_KBTxB00-k18.mp4	kullan	sehir ici operasyon: devriye, zirhli arac, havadan hedefleme	
clips/askeri-playlist/pl2-02--O2A_KBTxB00/pl2-02--O2A_KBTxB00-k19.mp4	kullan	sehir ici operasyon: devriye, zirhli arac, havadan hedefleme	
clips/askeri-playlist/pl2-02--O2A_KBTxB00/pl2-02--O2A_KBTxB00-k20.mp4	kullan	sehir ici operasyon: devriye, zirhli arac, havadan hedefleme	
clips/askeri-playlist/pl2-02--O2A_KBTxB00/pl2-02--O2A_KBTxB00-k21.mp4	kullan	sehir ici operasyon: devriye, zirhli arac, havadan hedefleme	
clips/askeri-playlist/pl2-02--O2A_KBTxB00/pl2-02--O2A_KBTxB00-k22.mp4	kullan	sehir ici operasyon: devriye, zirhli arac, havadan hedefleme	
clips/askeri-playlist/pl2-02--O2A_KBTxB00/pl2-02--O2A_KBTxB00-k23.mp4	kullan	sehir ici operasyon: devriye, zirhli arac, havadan hedefleme	
clips/askeri-playlist/pl2-02--O2A_KBTxB00/pl2-02--O2A_KBTxB00-k24.mp4	kullan	sehir ici operasyon: devriye, zirhli arac, havadan hedefleme	
clips/askeri-playlist/pl2-02--O2A_KBTxB00/pl2-02--O2A_KBTxB00-k25.mp4	kullan	sehir ici operasyon: devriye, zirhli arac, havadan hedefleme	
clips/askeri-playlist/pl2-02--O2A_KBTxB00/pl2-02--O2A_KBTxB00-k27.mp4	kullan	sehir ici operasyon: devriye, zirhli arac, havadan hedefleme	
clips/askeri-playlist/pl2-02--O2A_KBTxB00/pl2-02--O2A_KBTxB00-k30.mp4	kullan	sehir ici operasyon: devriye, zirhli arac, havadan hedefleme	
clips/askeri-playlist/pl2-02--O2A_KBTxB00/pl2-02--O2A_KBTxB00-k31.mp4	kullan	sehir ici operasyon: devriye, zirhli arac, havadan hedefleme	
clips/askeri-playlist/pl2-02--O2A_KBTxB00/pl2-02--O2A_KBTxB00-k32.mp4	kullan	sehir ici operasyon: devriye, zirhli arac, havadan hedefleme	
clips/askeri-playlist/pl2-02--O2A_KBTxB00/pl2-02--O2A_KBTxB00-k33.mp4	kullan	sehir ici operasyon: devriye, zirhli arac, havadan hedefleme	
clips/askeri-playlist/pl2-02--O2A_KBTxB00/pl2-02--O2A_KBTxB00-k34.mp4	kullan	sehir ici operasyon: devriye, zirhli arac, havadan hedefleme	
clips/askeri-playlist/pl2-02--O2A_KBTxB00/pl2-02--O2A_KBTxB00-k35.mp4	kullan	sehir ici operasyon: devriye, zirhli arac, havadan hedefleme	
clips/askeri-playlist/pl2-02--O2A_KBTxB00/pl2-02--O2A_KBTxB00-k36.mp4	kullan	sehir ici operasyon: devriye, zirhli arac, havadan hedefleme	
clips/askeri-playlist/pl2-02--O2A_KBTxB00/pl2-02--O2A_KBTxB00-k37.mp4	kullan	sehir ici operasyon: devriye, zirhli arac, havadan hedefleme	
clips/askeri-playlist/pl2-02--O2A_KBTxB00/pl2-02--O2A_KBTxB00-k38.mp4	kullan	sehir ici operasyon: devriye, zirhli arac, havadan hedefleme	
clips/askeri-playlist/pl2-02--O2A_KBTxB00/pl2-02--O2A_KBTxB00-k41.mp4	kullan	sehir ici operasyon: devriye, zirhli arac, havadan hedefleme	
clips/askeri-playlist/pl2-02--O2A_KBTxB00/pl2-02--O2A_KBTxB00-k43.mp4	kullan	sehir ici operasyon: devriye, zirhli arac, havadan hedefleme	
clips/askeri-playlist/pl2-02--O2A_KBTxB00/pl2-02--O2A_KBTxB00-k44.mp4	kullan	sehir ici operasyon: devriye, zirhli arac, havadan hedefleme	
clips/askeri-playlist/pl2-02--O2A_KBTxB00/pl2-02--O2A_KBTxB00-k45.mp4	kullan	sehir ici operasyon: devriye, zirhli arac, havadan hedefleme	
clips/askeri-playlist/pl2-02--O2A_KBTxB00/pl2-02--O2A_KBTxB00-k47.mp4	kullan	sehir ici operasyon: devriye, zirhli arac, havadan hedefleme	
clips/askeri-playlist/pl2-02--O2A_KBTxB00/pl2-02--O2A_KBTxB00-k48.mp4	kullan	sehir ici operasyon: devriye, zirhli arac, havadan hedefleme	
clips/askeri-playlist/pl2-02--O2A_KBTxB00/pl2-02--O2A_KBTxB00-k52.mp4	kullan	sehir ici operasyon: devriye, zirhli arac, havadan hedefleme	
clips/askeri-playlist/pl2-02--O2A_KBTxB00/pl2-02--O2A_KBTxB00-k56.mp4	kullan	sehir ici operasyon: devriye, zirhli arac, havadan hedefleme	
clips/askeri-playlist/pl2-02--O2A_KBTxB00/pl2-02--O2A_KBTxB00-k57.mp4	kullan	sehir ici operasyon: devriye, zirhli arac, havadan hedefleme	
clips/askeri-playlist/pl2-02--O2A_KBTxB00/pl2-02--O2A_KBTxB00-k58.mp4	kullan	sehir ici operasyon: devriye, zirhli arac, havadan hedefleme	
clips/askeri-playlist/pl2-02--O2A_KBTxB00/pl2-02--O2A_KBTxB00-k59.mp4	kullan	sehir ici operasyon: devriye, zirhli arac, havadan hedefleme	
clips/askeri-playlist/pl2-02--O2A_KBTxB00/pl2-02--O2A_KBTxB00-k61.mp4	kullan	sehir ici operasyon: devriye, zirhli arac, havadan hedefleme	
clips/askeri-playlist/pl2-02--O2A_KBTxB00/pl2-02--O2A_KBTxB00-k63.mp4	kullan	sehir ici operasyon: devriye, zirhli arac, havadan hedefleme	
clips/askeri-playlist/pl2-02--O2A_KBTxB00/pl2-02--O2A_KBTxB00-k67.mp4	kullan	sehir ici operasyon: devriye, zirhli arac, havadan hedefleme	
clips/askeri-playlist/pl2-02--O2A_KBTxB00/pl2-02--O2A_KBTxB00-k68.mp4	kullan	sehir ici operasyon: devriye, zirhli arac, havadan hedefleme	
clips/askeri-playlist/pl2-02--O2A_KBTxB00/pl2-02--O2A_KBTxB00-k69.mp4	kullan	sehir ici operasyon: devriye, zirhli arac, havadan hedefleme	
clips/askeri-playlist/pl2-02--O2A_KBTxB00/pl2-02--O2A_KBTxB00-k70.mp4	kullan	sehir ici operasyon: devriye, zirhli arac, havadan hedefleme	
clips/askeri-playlist/pl2-02--O2A_KBTxB00/pl2-02--O2A_KBTxB00-k71.mp4	kullan	sehir ici operasyon: devriye, zirhli arac, havadan hedefleme	
clips/askeri-playlist/pl2-02--O2A_KBTxB00/pl2-02--O2A_KBTxB00-k72.mp4	kullan	sehir ici operasyon: devriye, zirhli arac, havadan hedefleme	
clips/askeri-playlist/pl2-02--O2A_KBTxB00/pl2-02--O2A_KBTxB00-k75.mp4	ele	haber spikeri/muhabir kamera karsisi	olay goruntusu degil
clips/askeri-playlist/pl2-08--Rur_BrM8yXU/pl2-08--Rur_BrM8yXU-k08.mp4	kullan	sehir ici zirhli arac hareketi ve patlama	
clips/askeri-playlist/pl2-08--Rur_BrM8yXU/pl2-08--Rur_BrM8yXU-k10.mp4	kullan	sehir ici zirhli arac hareketi ve patlama	
clips/trafik/factory-accidents---8oYzSP5Vbw/factory-accidents---8oYzSP5Vbw-k02.mp4	kullan	motosiklet kask-kamerasi trafik kazasi	DOKUMANDA YANLIS: fabrika degil trafik
clips/trafik/factory-accidents---8oYzSP5Vbw/factory-accidents---8oYzSP5Vbw-k03.mp4	kullan	motosiklet kask-kamerasi trafik kazasi	DOKUMANDA YANLIS: fabrika degil trafik
clips/trafik/factory-accidents---8oYzSP5Vbw/factory-accidents---8oYzSP5Vbw-k04.mp4	kullan	motosiklet kask-kamerasi trafik kazasi	DOKUMANDA YANLIS: fabrika degil trafik
clips/trafik/factory-accidents---8oYzSP5Vbw/factory-accidents---8oYzSP5Vbw-k05.mp4	kullan	motosiklet kask-kamerasi trafik kazasi	DOKUMANDA YANLIS: fabrika degil trafik
clips/trafik/factory-accidents---8oYzSP5Vbw/factory-accidents---8oYzSP5Vbw-k06.mp4	kullan	motosiklet kask-kamerasi trafik kazasi	DOKUMANDA YANLIS: fabrika degil trafik
clips/trafik/factory-accidents---8oYzSP5Vbw/factory-accidents---8oYzSP5Vbw-k07.mp4	kullan	motosiklet kask-kamerasi trafik kazasi	DOKUMANDA YANLIS: fabrika degil trafik
clips/trafik/factory-accidents---8oYzSP5Vbw/factory-accidents---8oYzSP5Vbw-k08.mp4	kullan	motosiklet kask-kamerasi trafik kazasi	DOKUMANDA YANLIS: fabrika degil trafik
clips/trafik/factory-accidents---8oYzSP5Vbw/factory-accidents---8oYzSP5Vbw-k10.mp4	kullan	motosiklet kask-kamerasi trafik kazasi	DOKUMANDA YANLIS: fabrika degil trafik
clips/trafik/factory-accidents---8oYzSP5Vbw/factory-accidents---8oYzSP5Vbw-k11.mp4	kullan	motosiklet kask-kamerasi trafik kazasi	DOKUMANDA YANLIS: fabrika degil trafik
clips/trafik/factory-accidents---8oYzSP5Vbw/factory-accidents---8oYzSP5Vbw-k12.mp4	kullan	motosiklet kask-kamerasi trafik kazasi	DOKUMANDA YANLIS: fabrika degil trafik
clips/trafik/factory-accidents---8oYzSP5Vbw/factory-accidents---8oYzSP5Vbw-k13.mp4	kullan	motosiklet kask-kamerasi trafik kazasi	DOKUMANDA YANLIS: fabrika degil trafik
clips/trafik/factory-accidents---8oYzSP5Vbw/factory-accidents---8oYzSP5Vbw-k14.mp4	kullan	motosiklet kask-kamerasi trafik kazasi	DOKUMANDA YANLIS: fabrika degil trafik
clips/trafik/factory-accidents---8oYzSP5Vbw/factory-accidents---8oYzSP5Vbw-k18.mp4	kullan	motosiklet kask-kamerasi trafik kazasi	DOKUMANDA YANLIS: fabrika degil trafik
clips/trafik/factory-accidents---8oYzSP5Vbw/factory-accidents---8oYzSP5Vbw-k19.mp4	kullan	motosiklet kask-kamerasi trafik kazasi	DOKUMANDA YANLIS: fabrika degil trafik
clips/trafik/factory-accidents---8oYzSP5Vbw/factory-accidents---8oYzSP5Vbw-k25.mp4	kullan	motosiklet kask-kamerasi trafik kazasi	DOKUMANDA YANLIS: fabrika degil trafik
clips/trafik/factory-accidents---8oYzSP5Vbw/factory-accidents---8oYzSP5Vbw-k26.mp4	kullan	motosiklet kask-kamerasi trafik kazasi	DOKUMANDA YANLIS: fabrika degil trafik
clips/trafik/factory-accidents---8oYzSP5Vbw/factory-accidents---8oYzSP5Vbw-k27.mp4	kullan	motosiklet kask-kamerasi trafik kazasi	DOKUMANDA YANLIS: fabrika degil trafik
clips/trafik/factory-accidents---8oYzSP5Vbw/factory-accidents---8oYzSP5Vbw-k28.mp4	kullan	motosiklet kask-kamerasi trafik kazasi	DOKUMANDA YANLIS: fabrika degil trafik
clips/forklift/forklift-cause--V8ZmOgMlyRE/forklift-cause--V8ZmOgMlyRE-k01.mp4	ele	tek olayin oncesi/sonrasi	yanlis bolme - neden-sonuc zinciri kopuyor
clips/forklift/forklift-cause--V8ZmOgMlyRE/forklift-cause--V8ZmOgMlyRE-k03.mp4	ele	tek olayin oncesi/sonrasi	yanlis bolme - neden-sonuc zinciri kopuyor
clips/karisik/multi-event--OlRDWS2E0EY/multi-event--OlRDWS2E0EY-k01.mp4	ele	sabit IP kamera, gercek kesme yok	yanlis bolme - kaynak butun kullanilmali
clips/karisik/multi-event--OlRDWS2E0EY/multi-event--OlRDWS2E0EY-k02.mp4	ele	sabit IP kamera, gercek kesme yok	yanlis bolme - kaynak butun kullanilmali
clips/karisik/multi-event--OlRDWS2E0EY/multi-event--OlRDWS2E0EY-k03.mp4	ele	sabit IP kamera, gercek kesme yok	yanlis bolme - kaynak butun kullanilmali
clips/karisik/multi-event--OlRDWS2E0EY/multi-event--OlRDWS2E0EY-k04.mp4	ele	sabit IP kamera, gercek kesme yok	yanlis bolme - kaynak butun kullanilmali
clips/karisik/multi-event--OlRDWS2E0EY/multi-event--OlRDWS2E0EY-k05.mp4	ele	sabit IP kamera, gercek kesme yok	yanlis bolme - kaynak butun kullanilmali
clips/karisik/multi-event--OlRDWS2E0EY/multi-event--OlRDWS2E0EY-k06.mp4	ele	sabit IP kamera, gercek kesme yok	yanlis bolme - kaynak butun kullanilmali
clips/sentetik/synthetic-bodycam--KVkPToQGVAQ/synthetic-bodycam--KVkPToQGVAQ-k01.mp4	kullan	Bodycam oyunu, birinci sahis ic/dis mekan	sentetik
clips/sentetik/synthetic-bodycam--KVkPToQGVAQ/synthetic-bodycam--KVkPToQGVAQ-k02.mp4	kullan	Bodycam oyunu, birinci sahis ic/dis mekan	sentetik
clips/sentetik/synthetic-bodycam--KVkPToQGVAQ/synthetic-bodycam--KVkPToQGVAQ-k03.mp4	kullan	Bodycam oyunu, birinci sahis ic/dis mekan	sentetik
clips/sentetik/synthetic-bodycam--KVkPToQGVAQ/synthetic-bodycam--KVkPToQGVAQ-k07.mp4	kullan	Bodycam oyunu, birinci sahis ic/dis mekan	sentetik
clips/sentetik/synthetic-bodycam--KVkPToQGVAQ/synthetic-bodycam--KVkPToQGVAQ-k09.mp4	kullan	Bodycam oyunu, birinci sahis ic/dis mekan	sentetik
clips/sentetik/synthetic-bodycam--KVkPToQGVAQ/synthetic-bodycam--KVkPToQGVAQ-k10.mp4	kullan	Bodycam oyunu, birinci sahis ic/dis mekan	sentetik
clips/sentetik/synthetic-bodycam--KVkPToQGVAQ/synthetic-bodycam--KVkPToQGVAQ-k11.mp4	kullan	Bodycam oyunu, birinci sahis ic/dis mekan	sentetik
clips/sentetik/synthetic-bodycam--KVkPToQGVAQ/synthetic-bodycam--KVkPToQGVAQ-k12.mp4	kullan	Bodycam oyunu, birinci sahis ic/dis mekan	sentetik
clips/sentetik/synthetic-bodycam--KVkPToQGVAQ/synthetic-bodycam--KVkPToQGVAQ-k14.mp4	kullan	Bodycam oyunu, birinci sahis ic/dis mekan	sentetik
clips/sentetik/synthetic-bodycam--KVkPToQGVAQ/synthetic-bodycam--KVkPToQGVAQ-k15.mp4	kullan	Bodycam oyunu, birinci sahis ic/dis mekan	sentetik
clips/sentetik/synthetic-bodycam--KVkPToQGVAQ/synthetic-bodycam--KVkPToQGVAQ-k19.mp4	kullan	Bodycam oyunu, birinci sahis ic/dis mekan	sentetik
clips/sentetik/synthetic-bodycam--KVkPToQGVAQ/synthetic-bodycam--KVkPToQGVAQ-k20.mp4	kullan	Bodycam oyunu, birinci sahis ic/dis mekan	sentetik
